Date,Close,High,Low,Open,Volume,vol_z,vol_ratio,vol_trend,return,price_z,gap_up,volatility,momentum,pump_score,flag
2024-11-07,1.4600000381469727,1.569000005722046,1.350000023841858,1.3799999952316284,653900,,,,,,,0.14999998356722105,,10,False
2024-11-08,1.440000057220459,1.5099999904632568,1.4199999570846558,1.5,327200,,,,-0.01369861671503625,,0.027397233411307256,0.0625000206526536,,0,False
2024-11-11,1.4700000286102295,1.4900000095367432,1.4299999475479126,1.4500000476837158,281300,,,,0.020833312637276835,,0.006944437540936455,0.0408163678777201,,0,False
2024-11-12,1.409999966621399,1.4900000095367432,1.399999976158142,1.4900000095367432,397000,,,,-0.04081636790548637,,0.013605428927655644,0.06382981237256816,,0,False
2024-11-13,1.3300000429153442,1.5,1.3200000524520874,1.440000057220459,677700,,,,-0.0567375358864356,,0.021276660487920963,0.135338301958259,,10,False
2024-11-14,1.2599999904632568,1.444000005722046,1.25,1.350000023841858,549300,,,,-0.05263161668675442,,0.015037579147468576,0.1539682595527249,,10,False
2024-11-15,1.2200000286102295,1.309999942779541,1.2000000476837158,1.309999942779541,611300,,,,-0.03174600171093711,,0.039682502107177386,0.09016384625086313,,0,False
2024-11-18,1.25,1.2899999618530273,1.2100000381469727,1.2300000190734863,428800,,,,0.02459013990675496,,0.00819671329553301,0.06399993891364379,,0,False
2024-11-19,1.2799999713897705,1.2799999713897705,1.2100000381469727,1.2100000381469727,444200,,,,0.02399997711181645,,-0.031999969456821896,0.05468744902557099,,0,False
2024-11-20,1.2599999904632568,1.2899999618530273,1.2200000286102295,1.2599999904632568,424300,,,,-0.015624985448084439,,-0.015624985435877425,0.05555550295004834,,0,False
2024-11-21,1.2400000095367432,1.2799999713897705,1.2000000476837158,1.2799999713897705,326000,,,,-0.01587300085546861,,0.015873000842870955,0.06451606695666569,,0,False
2024-11-22,1.2100000381469727,1.2699999809265137,1.2000000476837158,1.2200000286102295,530000,,,,-0.024193525128260562,,-0.016129016739166422,0.05785118262652825,,0,False
2024-11-25,1.2999999523162842,1.434999942779541,1.2000000476837158,1.2200000286102295,1119900,,,,0.0743800920098645,,0.008264454660932606,0.18076915656523163,,10,False
2024-11-26,1.350000023841858,1.378999948501587,1.2999999523162842,1.340000033378601,1055000,,,,0.03846159489197354,,0.030769294229801444,0.05851851461599563,,0,False
2024-11-27,1.6299999952316284,1.6299999952316284,1.3550000190734863,1.3600000143051147,1264800,,,,0.20740738255169866,,0.007407400206846854,0.1687116422048529,,40,False
2024-11-29,1.7200000286102295,1.7450000047683716,1.6200000047683716,1.649999976158142,662600,,,,0.05521474456557396,,0.012269926977148045,0.07267441735354292,,0,False
2024-12-02,1.6799999475479126,1.8300000429153442,1.6299999952316284,1.7300000190734863,690300,,,,-0.023255860695907793,,0.00581394784366541,0.11904765107676545,,10,False
2024-12-03,1.5499999523162842,1.690000057220459,1.5199999809265137,1.690000057220459,552600,,,,-0.07738095195858385,,0.005952446415959631,0.10967747188006273,,10,False
2024-12-04,1.440000057220459,1.590000033378601,1.4299999475479126,1.5499999523162842,1006500,,,,-0.07096767643859847,,0.0,0.11111116622343428,,10,False
2024-12-05,1.4299999475479126,1.475000023841858,1.399999976158142,1.409999966621399,428600,-0.6839943252483972,0.6895497655112487,1.0748996484679783,-0.006944520329984494,,-0.020833395407034872,0.05244758767989768,0.11994270088822412,0,False
2024-12-06,1.5199999809265137,1.5800000429153442,1.4299999475479126,1.440000057220459,544800,-0.25241470047736114,0.8842576812582154,1.0461768190745142,0.06293708858726066,0.9104531750142261,0.006993083938709897,0.09868427444144771,0.08896032547595523,0,False
2024-12-09,1.4700000286102295,1.7400000095367432,1.4700000286102295,1.5800000429153442,1232300,1.8696843536411984,1.8632676358742872,1.1384938725212232,-0.032894705884013775,-0.5490652838641902,0.0394737254620121,0.18367345271285754,0.05781584102446513,10,False
2024-12-10,1.409999966621399,1.6200000047683716,1.3600000143051147,1.5099999904632568,993400,0.9874810889312508,1.425312423777205,1.2068238231200752,-0.04081636790548637,-0.6178786588195634,0.02721085785531129,0.18439716059133257,0.04005722414929758,10,False
2024-12-11,1.350000023841858,1.4299999475479126,1.3300000429153442,1.399999976158142,788200,0.24523206774543724,1.10002372545462,1.1129471201484917,-0.04255315191482678,-0.6423822245503571,-0.007092191980774532,0.07407400206846854,0.029390673625319774,0,False
2024-12-12,1.25,1.3799999952316284,1.2400000095367432,1.3700000047683716,1017400,0.9473702732588333,1.3870200336734744,1.2477181789056784,-0.07407409042651403,-1.0928931246317013,0.014814800413693707,0.11199998846630821,0.006470167040248942,10,False
2024-12-13,1.2200000286102295,1.2649999856948853,1.1799999475479126,1.25,953100,0.6642212903815587,1.2645531076482162,1.3226394942318263,-0.02399997711181645,-0.36918162691617085,0.0,0.06967216072456064,-0.03527717066085856,0,False
2024-12-16,1.1699999570846558,1.2549999952316284,1.1299999952316284,1.159999966621399,1066100,0.9465601237443992,1.3730528240892768,1.2410924147879099,-0.040983664223788296,-0.6173340417269945,-0.049180377485728115,0.10683761066507284,-0.07681211761222617,10,False
2024-12-17,1.1699999570846558,1.1799999475479126,1.1299999952316284,1.1699999570846558,538800,-0.8094920782447177,0.6890510202124182,1.1160887274680429,0.0,0.02060056416914092,0.0,0.042735003510715006,-0.10886076035655334,0,False
2024-12-18,1.0449999570846558,1.1699999570846558,1.0299999713897705,1.1699999570846558,987100,0.6082255461329135,1.2200126067557364,1.1278102559665784,-0.10683761075638709,-1.420265121598187,0.0,0.1339712835505624,-0.1457231545943074,10,False
2024-12-19,1.0499999523162842,1.1100000143051147,0.9800000190734863,1.0499999523162842,828800,-0.0018504911076968418,0.9993790055648324,1.0548223533880359,0.00478468462867454,0.16736785407808558,0.004784684624095809,0.12380952477287341,-0.16853521210635236,10,False
2024-12-20,1.100000023841858,1.1200000047683716,1.0449999570846558,1.0499999523162842,1021500,0.6184056770809802,1.1821685241120703,1.0282030806976112,0.04761911790117157,0.7259471872767345,0.0,0.06818185999086522,-0.18196935076617615,0,False
2024-12-23,1.0199999809265137,1.1150000095367432,1.0099999904632568,1.1100000143051147,602500,-1.0608207188710423,0.6943524083368379,0.9170522579418346,-0.07272731016490008,-0.9216713251678331,0.009090900215838168,0.10294119699411043,-0.19851164055531856,10,False
2024-12-24,1.024999976158142,1.0299999713897705,0.949999988079071,1.0199999809265137,516000,-1.2639436322294335,0.6161046900372521,0.9446699780303742,0.004901956201103674,0.20781402678317165,0.0,0.07804876594485685,-0.2120300859161498,0,False
2024-12-26,1.0800000429153442,1.090000033378601,0.9800000190734863,1.0199999809265137,367400,-1.6171037312375702,0.4574544911223442,0.8307891525761376,0.0536586029624615,0.8873370105608598,-0.004878044237123913,0.10185186095579185,-0.1986327366017806,10,False
2024-12-27,1.0399999618530273,1.1100000143051147,1.0199999809265137,1.0800000429153442,336800,-1.580807560017938,0.44506699791209603,0.7516980733144795,-0.03703711062301529,-0.32698968722273763,0.0,0.0865384967242733,-0.18181817740159834,0,False
2024-12-30,1.0,1.0499999523162842,1.0,1.0499999523162842,328900,-1.4587305097784378,0.4444264277655033,0.5814702961266384,-0.03846150319251662,-0.2792436134673008,0.009615375788883593,0.049999952266284224,-0.17426058978742343,0,False
2024-12-31,1.0099999904632568,1.0449999570846558,0.9800000190734863,1.0399999618530273,374900,-1.1909104032659903,0.5176139226961755,0.5312825752293634,0.009999990463256836,0.7376405527938487,0.03999996181302738,0.06435637481243889,-0.1531827494731004,0,False
2025-01-02,1.0399999618530273,1.090000033378601,1.0099999904632568,1.0199999809265137,321600,-1.2831865695439928,0.45121959774670745,0.4853416767802893,0.029702942250534603,1.0549088345367759,0.009900980740375213,0.07692312093538971,-0.13255033603810873,0,False
2025-01-03,1.1100000143051147,1.1399999856948853,1.0399999618530273,1.0399999618530273,365800,-1.029144817456031,0.5373879829587181,0.5077126487439393,0.06730774521122518,1.648494673192451,0.0,0.09009011032704363,-0.11527010142166771,0,False
2025-01-06,1.0499999523162842,1.159999966621399,1.0499999523162842,1.1100000143051147,333500,-1.101793231505262,0.4933833374017109,0.5103077913143813,-0.05405410920322551,-0.8155593403973004,0.0,0.10476192304361008,-0.09900562573104554,10,False
2025-01-07,1.059999942779541,1.1699999570846558,1.0399999618530273,1.0499999523162842,745300,0.19164339784599424,1.0864906628569746,0.6242547050162534,0.00952380087370197,0.5754700369705888,0.0,0.12264151144017969,-0.07013675827641375,10,False
2025-01-08,1.0700000524520874,1.184999942779541,1.0399999618530273,1.1799999475479126,1266500,1.8502154053942337,1.841699627733827,0.8820090739879,0.009434066238082961,0.525070500411996,0.11320755767259663,0.13551399409626896,-0.04265828818207107,20,False
2025-01-10,0.9900000095367432,1.0700000524520874,0.9829999804496765,1.0700000524520874,695300,0.07397446336604056,1.033480732785848,1.0126416706922803,-0.07476639158288867,-1.2247582763814273,0.0,0.08787885967318577,-0.033409607613955616,0,False
2025-01-13,0.9700000286102295,1.0099999904632568,0.9380000233650208,0.9900000095367432,462300,-0.6331121257479367,0.7042103339020218,1.0671764562515216,-0.02020200074126499,-0.10352743806569671,0.0,0.07422676793852005,-0.0423847170683318,0,False
2025-01-14,0.9350000023841858,1.0099999904632568,0.9100000262260437,1.0099999904632568,390200,-0.7834587800748825,0.6242001535705134,1.1388533401586876,-0.03608250019970627,-0.498361808613617,0.04123707281648263,0.10695183302167728,-0.04986999191073194,10,False
2025-01-15,0.9419999718666077,1.0,0.902999997138977,0.949999988079071,513800,-0.30758594555728885,0.8518540010445061,1.1035637605590582,0.007486598357831387,0.42328234623346533,0.01604276539100915,0.10297240515394228,-0.05982658001822694,10,False
2025-01-16,0.9049999713897705,0.9480000138282776,0.8690000176429749,0.9309999942779541,412100,-0.5824853192003155,0.7224057988798402,0.8672726157190297,-0.03927813331408103,-0.6037212002942413,-0.011677258923033134,0.08729281612759936,-0.07975935636138587,0,False
2025-01-17,0.9089999794960022,0.9539999961853027,0.8949999809265137,0.9259999990463257,373300,-0.6859103153967565,0.664022199295598,0.7654843644384347,0.004419898599653083,0.34928251940519073,0.023204451157166187,0.06490650882808083,-0.08387794186831532,0,False
2025-01-21,0.8970000147819519,0.9399999976158142,0.8899999856948853,0.925000011920929,448600,-0.3366869303337629,0.8381052021933455,0.7988715658891541,-0.013201281611363358,-0.15960029424248434,0.017601796224677835,0.05574137239824002,-0.09162006158948555,0,False
2025-01-22,0.890999972820282,0.9399999976158142,0.8830000162124634,0.9300000071525574,292700,-0.8525127762118663,0.5756711574392751,0.802635460713933,-0.006689009880483043,0.018464357757186224,0.036789288506130086,0.06397304498108543,-0.09319498310601526,0,False
2025-01-23,0.9100000262260437,0.9490000009536743,0.859000027179718,0.8999999761581421,701200,0.9165632432865232,1.42394427690964,0.9048503863454042,0.021324415247310213,0.7869804673350749,0.010101014143997541,0.0989010671222764,-0.09096403877395909,0,False
2025-01-24,0.8999999761581421,0.9300000071525574,0.8730000257492065,0.9089999794960022,535400,0.20445482828792824,1.0947084321583358,0.9614786946920729,-0.010989065691980104,-0.15199579865382865,-0.0010989524177157993,0.06333331427777933,-0.08644978219397204,0,False
2025-01-27,0.875,0.9369999766349792,0.8610000014305115,0.9100000262260437,574800,0.36418552569747714,1.1682451932848235,1.0376407463111235,-0.02777775202268362,-0.5794322145253599,0.011111167024112566,0.08685711442012647,-0.08639705584022184,0,False
2025-01-28,0.8450000286102295,0.8799999952316284,0.8299999833106995,0.8700000047683716,584100,0.35915598465491794,1.1615674498612898,1.069175010688964,-0.034285681588309136,-0.6899150451147052,-0.005714280258187586,0.05917160966727102,-0.08605095214999947,0,False
2025-01-29,0.8240000009536743,0.8550000190734863,0.8199999928474426,0.8450000286102295,635800,0.5255129931053222,1.2278753584843691,1.170826855669603,-0.02485210289411932,-0.42559031290197685,0.0,0.04247575988235425,-0.08974022874922738,0,False
2025-01-30,0.8500000238418579,0.8899999856948853,0.781000018119812,0.8240000009536743,997800,1.8308993082560248,1.810068027210881,1.2074013605442153,0.031553425798655166,1.1841673371062738,0.0,0.12823525222290744,-0.09519042449667614,10,False
2025-01-31,0.8209999799728394,0.8889999985694885,0.8100000023841858,0.8510000109672546,530400,-0.11905610386567528,0.9487947766200062,1.188819820222707,-0.034117697712457984,-0.7314562661968917,0.0011764554072604594,0.09622411451421976,-0.10290517207657135,0,False
2025-02-03,0.7799999713897705,0.8600000143051147,0.7540000081062317,0.8100000023841858,409100,-0.6520134239601629,0.7261270855520043,1.1207667731629372,-0.049939110332773984,-1.0940939316752365,-0.013398267775377051,0.13589744865518308,-0.11082334776515113,10,False
2025-02-04,0.7870000004768372,0.8360000252723694,0.7599999904632568,0.800000011920929,354200,-0.8796037257355107,0.629330869549766,1.0402260047617335,0.008974396594648937,0.9268595831107326,0.025641078511685268,0.09656929436657614,-0.1077919953595613,0,False
2025-02-05,0.7960000038146973,0.8149999976158142,0.781000018119812,0.7900000214576721,184200,-1.5031268814148926,0.3316797363848343,0.8915738581627951,0.011435836508776553,0.923932684200285,0.003811970743589963,0.042713541822047014,-0.10140892475652652,0,False
2025-02-06,0.7630000114440918,0.8029999732971191,0.7549999952316284,0.7919999957084656,498400,-0.18352919982158397,0.9178468168173681,0.7279055634334528,-0.041457276648817265,-0.944324725671235,-0.005025135781453746,0.06290953772298645,-0.10600227479802005,0,False
2025-02-07,0.7250000238418579,0.7770000100135803,0.7210000157356262,0.7590000033378601,516700,0.06445174018176159,1.0221158411140983,0.7764677955372671,-0.04980339060587069,-1.1304394180888058,-0.005242474496715407,0.07724136877122069,-0.11036673241712935,0,False
2025-02-10,0.722000002861023,0.7409999966621399,0.7099999785423279,0.7400000095367432,381000,-0.641697357637661,0.7778605771684635,0.7899061871561116,-0.004137959837487326,0.4664726609922622,0.020689634732298328,0.042936312955725656,-0.10999001818400689,0,False
2025-02-11,0.7310000061988831,0.7379999756813049,0.6809999942779541,0.7120000123977661,286900,-1.1062578635930815,0.5964222977538005,0.7763260469612382,0.012465378534898042,1.0547033299353066,-0.013850402229612348,0.07797534998907717,-0.11066157765087825,0,False
2025-02-12,0.7480000257492065,0.7609999775886536,0.7049999833106995,0.7099999785423279,159100,-1.643255627933045,0.3388855755303733,0.784740564028285,0.023255840500907343,1.3306928596463181,-0.028727807728792132,0.07486629983334223,-0.11220743217489626,0,False
2025-02-13,0.753000020980835,0.7799999713897705,0.7210000157356262,0.7549999952316284,308600,-0.7849037788045541,0.6720090588388993,0.7196115151779088,0.006684485373674054,0.685177000017253,0.009358247636492215,0.07835319247261048,-0.10443036368729819,0,False
2025-02-14,0.7749999761581421,0.8140000104904175,0.7440000176429749,0.765999972820282,514700,0.26231940744368365,1.108431140303648,0.7108000430709579,0.02921640712393425,1.4018355541801122,0.017264211766222087,0.0903225740781652,-0.08502023876773923,0,False
2025-02-18,0.7680000066757202,0.8220000267028809,0.7509999871253967,0.7940000295639038,481300,0.06054703866219785,1.0245875465673209,0.7453326237360283,-0.009032218964860284,-0.03710442193362528,0.02451619866549322,0.09244796727588464,-0.06565187450047616,0,False
2025-02-19,0.7580000162124634,0.8050000071525574,0.7350000143051147,0.7599999904632568,449400,-0.10689037130087546,0.9565976287277274,0.814449009131738,-0.013020820802517541,-0.1910505748645976,-0.010416687672536196,0.0923482734273105,-0.05080513709186152,0,False
2025-02-20,0.7490000128746033,0.8180000185966492,0.7149999737739563,0.7919999957084656,1179500,2.735167887329128,2.294166844961387,1.141151070740861,-0.011873355073039327,-0.1368205383134123,0.0448548531978096,0.13751674621455617,-0.04206549100620516,30,False
2025-02-21,0.7300000190734863,0.7649999856948853,0.7239999771118164,0.7599999904632568,284000,-0.8567347173073601,0.5757495894743232,1.1794351977618724,-0.025367147496027975,-0.5824086037921681,0.01468621813736731,0.056164393774868024,-0.03694267507059401,0,False
2025-02-24,0.7120000123977661,0.7540000081062317,0.6899999976158142,0.7400000095367432,418500,-0.28178443406898407,0.8585936297891966,1.154105759860489,-0.024657542747143713,-0.5232571657268017,0.013698616696271015,0.08988765349174681,-0.041516238254432736,0,False
2025-02-25,0.7020000219345093,0.7289999723434448,0.6800000071525574,0.7289999723434448,468700,-0.05505500509702057,0.9721646063220755,1.1615780303658816,-0.01404493018136388,-0.13485082280659197,0.023876347789029476,0.06980051793453965,-0.04791706412441232,0,False
2025-02-26,0.6940000057220459,0.7300000190734863,0.6700000166893005,0.7009999752044678,557300,0.3145874300846445,1.1591580348600168,1.209700902699777,-0.0113960341346111,-0.07698154935382141,-0.0014245679449711357,0.08645533401012834,-0.05530681232375545,0,False
2025-02-27,0.6729999780654907,0.703000009059906,0.6710000038146973,0.6899999976158142,396600,-0.29955999641373576,0.8459536709184744,0.9065739516232224,-0.030259405595690847,-0.8271904778679767,-0.005763700385429151,0.04754830050610562,-0.06603710724801926,0,False
2025-02-28,0.6830000281333923,0.6890000104904175,0.6320000290870667,0.6499999761581421,386400,-0.2507161731361269,0.881688533941812,1.0165430690245272,0.014858915889784052,1.0816250704351367,-0.034175338221088515,0.08345531328259802,-0.06819098514773791,0,False
2025-03-03,0.6140000224113464,0.6919999718666077,0.6019999980926514,0.6899999976158142,494900,0.28344279827524255,1.1338564637149868,1.0556847471218258,-0.1010248944068417,-2.834034011955855,0.010248856784535739,0.14657975625786132,-0.08177043893512226,10,False
2025-03-04,0.6050000190734863,0.6480000019073486,0.5659999847412109,0.6000000238418579,626000,0.8497470753846521,1.399445587051772,1.1004202807833294,-0.014657985357255598,-0.0834829780434609,-0.02280129973237687,0.13553721395939386,-0.0974599667077215,10,False
2025-03-05,0.6079999804496765,0.6480000019073486,0.6029999852180481,0.6159999966621399,511800,0.27009900531693204,1.1243409490333895,1.061379613356764,0.0049586136886150545,0.5901940686697301,0.018181780535011308,0.0740131876024163,-0.11021036256524708,0,False
2025-03-06,0.6549999713897705,0.6660000085830688,0.6050000190734863,0.6079999804496765,390600,-0.3738782330770022,0.8390616944492163,1.0352723835710582,0.07730261916346248,2.4472773589189702,0.0,0.09312975890216266,-0.1064370466179454,15,False
2025-03-07,0.6549999713897705,0.6700000166893005,0.6380000114440918,0.6520000100135803,274500,-0.8786471210751251,0.604193033621305,1.0115225884553987,0.0,0.20359029371839418,-0.004580093897171953,0.04885497189939806,-0.10753913709178053,0,False
2025-03-10,0.609000027179718,0.6690000295639038,0.6000000238418579,0.6480000019073486,250300,-0.9124166946687381,0.5675672611421626,0.9311459053752205,-0.07022892552567661,-1.7219206577527466,-0.010686976759529399,0.1133004967639899,-0.10154907144893899,10,False
2025-03-11,0.6010000109672546,0.621999979019165,0.5860000252723694,0.6000000238418579,336000,-0.48947035006188294,0.7658032387095286,0.8037287324360958,-0.01313631503353374,-0.12843132467416538,-0.014778329920215005,0.059900088236199744,-0.0948419513143619,0,False
2025-03-12,0.6010000109672546,0.6200000047683716,0.5820000171661377,0.6000000238418579,241900,-0.9184838213977303,0.5541746371748306,0.6842075119414425,0.0,0.2544825162332855,-0.0016638720557150548,0.06322793152340954,-0.0882933014166114,0,False
2025-03-13,0.5590000152587891,0.6000000238418579,0.550000011920929,0.5899999737739563,589200,0.6433530916939915,1.2864347940001282,0.7388048295888721,-0.06988351903832812,-1.4989666484850828,-0.01830289014020465,0.08944545700653692,-0.10396919349437916,0,False
2025-03-14,0.5960000157356262,0.628000020980835,0.5509999990463257,0.5580000281333923,472600,0.03181221209337461,1.0137062697067822,0.8107934192745742,0.06618962337542689,1.8639598574069496,-0.001788885682131688,0.12919466404757662,-0.11111109656478246,10,False
2025-03-17,0.625,0.6349999904632568,0.597000002861023,0.6100000143051147,262800,-0.9284969055514695,0.5793459211004914,0.8388170585187861,0.048657690434084744,1.3759251859353023,0.023489929826123895,0.06079998006629425,-0.09615821309711692,0,False
2025-03-18,0.5879999995231628,0.6489999890327454,0.5860000252723694,0.6309999823570251,291100,-0.7336981050739972,0.655475619504395,0.8365589218765814,-0.05920000076293941,-1.067062039639892,0.00959997175588028,0.10714279541551505,-0.08765460389523472,10,False
2025-03-19,0.5830000042915344,0.6029999852180481,0.574999988079071,0.5879999995231628,378300,-0.2977758844133415,0.8586993530813736,0.9052320962433301,-0.008503393257964564,0.08218588116532671,0.0,0.04802743891052866,-0.08082853104917287,0,False
2025-03-20,0.550000011920929,0.593999981880188,0.5220000147819519,0.5740000009536743,1169500,3.520628355845506,2.6576525394841437,1.1700034087035538,-0.05660376008179846,-0.9382354190492818,-0.015437398381085049,0.1309090280123088,-0.06920825831713606,40,False
2025-03-21,0.5550000071525574,0.5590000152587891,0.5299999713897705,0.5509999990463257,1115000,2.5075215046693202,2.315199335548168,1.3358388704318909,0.009090900224102638,0.47994663879913757,0.00181815836709897,0.05225233052797916,-0.06929740400449014,20,False
2025-03-24,0.5839999914169312,0.5879999995231628,0.5550000071525574,0.5699999928474426,657600,0.6430562241736121,1.332374304788724,1.4634640516254491,0.05225222322637246,1.287857735959476,0.02702700085503798,0.056506836984761485,-0.07293355328383444,0,False
2025-03-25,0.5550000071525574,0.5899999737739563,0.5440000295639038,0.5809999704360962,444200,-0.18853327250920138,0.9022403672333579,1.529299453618505,-0.04965750803182811,-0.810086386325419,-0.005137022294159854,0.08288278114296552,-0.07258262965107432,0,False
2025-03-26,0.5559999942779541,0.5740000009536743,0.5360000133514404,0.546999990940094,428200,-0.22600860107256154,0.8812966297916113,1.5701569333676324,0.0018017785810979792,0.24212219501276291,-0.014414443414322166,0.06834530202331572,-0.07092493014684675,0,False
2025-03-27,0.5479999780654907,0.5849999785423279,0.5410000085830688,0.5559999942779541,291100,-0.7339143835733615,0.6057012068248011,1.2218476903870137,-0.014388518515818571,-0.1097303922698035,0.0,0.08029191905133387,-0.06186086916415445,0,False
2025-03-28,0.5130000114440918,0.5580000281333923,0.5130000114440918,0.5490000247955322,297600,-0.6850266537664021,0.6249999999999987,0.8899109543010734,-0.06386855478526343,-1.031746031281756,0.0018249028617608573,0.08771932865051299,-0.06258504559988076,0,False
2025-03-31,0.47600001096725464,0.5099999904632568,0.4699999988079071,0.5099999904632568,640600,0.597011782573038,1.3250731727497413,0.8694680884071593,-0.07212475565581844,-1.2902049553354333,-0.005847993972830385,0.08403359380188721,-0.08862502545163298,0,False
2025-04-01,0.4519999921321869,0.5,0.45100000500679016,0.48500001430511475,598100,0.4420721224270009,1.2407426615496293,0.935836531480135,-0.05042020647499268,-0.7762166782883793,0.01890756956216052,0.10840707021621535,-0.11238992768103606,10,False
2025-04-02,0.4699999988079071,0.4740000069141388,0.453000009059906,0.453000009059906,462500,-0.06509783442898873,0.9643754496074711,0.9549506344026587,0.039823024312036104,1.0496649878840902,0.002212426864853209,0.04468084651662906,-0.13193893546648083,0,False
2025-04-03,0.45899999141693115,0.48399999737739563,0.42100000381469727,0.46000000834465027,610500,0.45574026411801216,1.244445350401563,1.063761262179459,-0.02340427110399157,-0.15155665775618493,-0.02127657546243386,0.13725489020372908,-0.1486304481886117,10,False
2025-04-04,0.4390000104904175,0.4480000138282776,0.41499999165534973,0.4390000104904175,518800,0.06198736998987156,1.0318320587913543,1.1259061844290394,-0.04357294400981104,-0.5544540620370294,-0.04357294391488084,0.07517089136488139,-0.15889734193270155,0,False
2025-04-07,0.41200000047683716,0.4399999976158142,0.37700000405311584,0.4099999964237213,484800,-0.11823575721345618,0.9422374251729749,1.03968747570551,-0.06150343819677351,-0.9772340775886518,-0.06605925582607686,0.15291260518658092,-0.16731953883328032,10,False
2025-04-08,0.3889999985694885,0.44999998807907104,0.38199999928474426,0.43299999833106995,339500,-0.6973419471752678,0.659613946123431,0.9388472784853148,-0.055825247283323054,-0.786499731374598,0.050970868395526975,0.17480716933054824,-0.17450048133155982,20,False
2025-04-09,0.4189999997615814,0.4490000009536743,0.34200000762939453,0.37700000405311584,1327000,2.5152484270895767,2.332366640302307,1.1532120572985303,0.07712082597021874,1.8858646538248973,-0.0308483149862551,0.25536991200428355,-0.179705658929447,30,False
2025-04-10,0.40799999237060547,0.42500001192092896,0.3959999978542328,0.4180000126361847,262700,-0.9383466535938227,0.47536756389956936,1.0614069215109683,-0.026253000948055272,-0.24328983856378783,-0.0023866041135540217,0.07107846700466511,-0.18757983910291043,0,False
2025-04-11,0.47999998927116394,0.48399999737739563,0.4090000092983246,0.421999990940094,458700,-0.30154019490433887,0.8310836519123787,1.0409653398075822,0.17647058393853476,2.9810957830578317,0.03431372254158757,0.1562499783316697,-0.16191234332284632,45,False
2025-04-14,0.49900001287460327,0.5139999985694885,0.45500001311302185,0.5,545600,-0.06786346146822243,0.9638383945448425,1.0364442560107388,0.0395833833919228,0.7934850872013096,0.041666689862925946,0.11823644051299192,-0.11625566667258458,10,False
2025-04-15,0.5009999871253967,0.5389999747276306,0.47200000286102295,0.5080000162124634,359000,-0.7044957670828783,0.6304162679005721,1.0371137822342005,0.004007964327038982,0.16969703661216048,0.018036078331897146,0.13373248194536494,-0.06295695407639135,10,False
2025-04-16,0.5,0.5099999904632568,0.47200000286102295,0.4860000014305115,520800,-0.18871598583410204,0.9032414714094921,0.7446539135260744,-0.0019959823375134134,0.06548124818838184,-0.029940091916989955,0.07599997505246783,-0.021812604096629662,0,False
2025-04-17,0.5440000295639038,0.5569999814033508,0.5,0.5,657500,0.40680762351669947,1.1933065935860883,0.9225575781774606,0.08800005912780762,1.3776915484745063,0.0,0.10477937169280183,0.034532231908648514,10,False
2025-04-21,0.5400000214576721,0.5580000281333923,0.5230000019073486,0.5299999713897705,861000,1.3553121332091107,1.599509558044917,1.093797023909043,-0.007352955678032402,-0.12368612666065293,-0.025735399609483497,0.06481486068602373,0.06075535346431815,0,False
2025-04-22,0.5400000214576721,0.5550000071525574,0.5180000066757202,0.5400000214576721,1411300,2.7163920233032313,2.4502799600677068,1.322835192499672,0.0,0.03525853411235491,0.0,0.06851851655198293,0.0824742438301751,20,False
2025-04-23,0.5400000214576721,0.5699999928474426,0.5299999713897705,0.5400000214576721,1278600,1.9255914901787101,2.0699536178858464,1.5312411465205293,0.0,-0.005018500013602189,0.0,0.07407411072988894,0.10025816061319559,0,False
2025-04-24,0.5299999713897705,0.5600000023841858,0.5299999713897705,0.5400000214576721,862100,0.6468016257608985,1.3483163640344682,1.5860429471840323,-0.01851861050099135,-0.2924241511876772,0.0,0.056603835013698416,0.11564346157692418,0,False
2025-04-25,0.5019999742507935,0.5270000100135803,0.49799999594688416,0.5270000100135803,639500,-0.05175684997387163,0.9736453464472207,1.5384966733149592,-0.05283018613294488,-0.8103072432576739,-0.00566030477825,0.05776895517217524,0.10350566722625221,0,False
2025-04-28,0.49799999594688416,0.5289999842643738,0.49000000953674316,0.492000013589859,744900,0.2028834146521013,1.0967718187506885,1.4536459675341384,-0.007968084679444543,-0.13487246775208608,-0.019920241342519157,0.07831320274443754,0.08772659874264388,0,False
2025-04-29,0.5040000081062317,0.5080000162124634,0.49000000953674316,0.5,886600,0.5965885677654567,1.2821866300300064,1.2760258866914909,0.01204821728550276,0.13270588566558764,0.004016072420436504,0.03571429831447925,0.06960314202237705,0,False
2025-04-30,0.5419999957084656,0.5580000281333923,0.4959999918937683,0.5,456500,-0.6891125449153854,0.6670124708684302,1.0489848698485507,0.07539679958541656,1.1080704671623751,-0.007936523876904493,0.11439121146890524,0.060518705089886105,10,False
2025-05-01,0.5550000071525574,0.5630000233650208,0.5099999904632568,0.5400000214576721,876900,0.5220612908589785,1.2436269261042507,1.0223580550690299,0.023985261156873383,0.24290646261994078,-0.003689989415016945,0.09549555337519089,0.061524321273920934,0,False
2025-05-02,0.550000011920929,0.5640000104904175,0.5350000262260437,0.550000011920929,1497000,2.006990986919973,1.9974914602903473,1.1907290777113562,-0.009009000301245074,-0.3392651496773999,-0.00900900028501266,0.052727242878343315,0.07116862121430367,20,False
2025-05-05,0.5609999895095825,0.5690000057220459,0.5460000038146973,0.5460000038146973,530300,-0.5904540755733059,0.7070525256161534,1.1325906815197013,0.019999958818609942,0.11057450133865172,-0.007272741840474744,0.04099822156227963,0.08328340295493164,0,False
2025-05-06,0.5299999713897705,0.5529999732971191,0.5170000195503235,0.550000011920929,826400,0.16154829236192633,1.0773111544202463,1.0916770413051824,-0.0552585003556092,-1.2395582794189162,-0.019607803520035307,0.06792444457019842,0.08093168988153665,0,False
2025-05-07,0.5220000147819519,0.527999997138977,0.5,0.5220000147819519,411000,-0.9907000171899255,0.5333021915995165,1.0748050397705877,-0.0150942585654128,-0.5783455308590569,-0.015094258536933107,0.053639839640681385,0.0591329704260013,0,False
2025-05-08,0.5199999809265137,0.5260000228881836,0.5,0.5,414800,-0.8956857067420457,0.5720905856067076,1.0149504868562587,-0.0038314823731828707,-0.3048703077628913,-0.042145620913432456,0.050000045753574494,0.035307723023784376,0,False
2025-05-09,0.5370000004768372,0.5370000004768372,0.5,0.5,461500,-0.816184255156871,0.6278911564625841,0.7194557823129242,0.03269234648823183,0.3429767768303562,-0.03846150311855216,0.0689013042366502,0.017627422880766908,0,False
2025-05-12,0.5249999761581421,0.550000011920929,0.5109999775886536,0.5400000214576721,254800,-1.3551043568348633,0.3515428287608386,0.6535550941287647,-0.02234641398145154,-0.7745038425361016,0.005586631233862973,0.07428578291257275,-0.0003795291003856338,0,False
2025-05-13,0.5260000228881836,0.5260000228881836,0.4909999966621399,0.5249999761581421,426700,-0.8322057868628883,0.5935787218651746,0.5477561694905815,0.0019048510008699004,-0.037334445086597036,0.0,0.06653997079187199,-0.004447813063881534,0,False
2025-05-14,0.48899999260902405,0.5400000214576721,0.4749999940395355,0.5400000214576721,565400,-0.47767410559603257,0.7753915356976319,0.5823527798348822,-0.07034225982728703,-1.8286219522574305,0.02661596565338679,0.13292439318538485,-0.015821898104040666,10,False
2025-05-15,0.5170000195503235,0.5249999761581421,0.49000000953674316,0.4970000088214874,485100,-0.704136336646323,0.666900377374053,0.6031111019459845,0.05725976966156443,1.3603748822941477,0.0163599515685469,0.06769819193458256,-0.018539538318860238,0,False
2025-05-16,0.5600000023841858,0.5659999847412109,0.5139999985694885,0.5170000195503235,1384300,1.661671861727351,1.8125396898138728,0.8160684006887194,0.08317211065342489,2.0360538715135963,0.0,0.09285711760263693,-0.011333581879718446,15,False
2025-05-19,0.5540000200271606,0.5759999752044678,0.550000011920929,0.5600000023841858,640200,-0.30103418978162366,0.8505437129248887,0.9304432738360147,-0.010714254163357806,-0.3199714276702218,0.0,0.0469313398857509,-0.0016977728943993187,0,False
2025-05-20,0.6000000238418579,0.6349999904632568,0.5649999976158142,0.5830000042915344,1642800,2.207551348899514,2.149502139296319,1.2345898700720932,0.08303249485883057,1.757274219531975,0.05234654000663299,0.11666664991537715,0.020446465274309933,40,False
2025-05-21,0.5799999833106995,0.6299999952316284,0.5709999799728394,0.6200000047683716,856800,0.29896241456225764,1.1528835544551774,1.3480448881832108,-0.033333399560713795,-0.8483901453730205,0.03333330016408761,0.10172416699098293,0.05064475939281854,10,False
2025-05-22,0.5740000009536743,0.6000000238418579,0.550000011920929,0.5619999766349792,421400,-0.7774956723945216,0.5843485013416156,1.3715688245775794,-0.01034479746495276,-0.3436394873459784,-0.031034495107982306,0.08710803440896904,0.06756003251191145,0,False
2025-05-23,0.5590000152587891,0.593999981880188,0.550000011920929,0.5609999895095825,432000,-0.7137009707674227,0.6077915500091441,1.1236264895817196,-0.02613237921596423,-0.7536609074920779,-0.02264810348405014,0.07871192965920998,0.061556985782698304,0,False
2025-05-27,0.5619999766349792,0.5809999704360962,0.5509999990463257,0.5600000023841858,355700,-0.8423424932789781,0.5145303843427688,1.072948460169821,0.005366657055995594,-0.036314883443342535,0.001788885682131688,0.053380734134576044,0.058249743669231746,0,False
2025-05-28,0.5600000023841858,0.578000009059906,0.5550000071525574,0.5619999766349792,317600,-0.854558420491587,0.47913586579368117,0.7191563829466241,-0.0035586731920674852,-0.2261848282193221,0.0,0.041071431729205854,0.03817631467889848,0,False
2025-05-29,0.5569999814033508,0.5879999995231628,0.550000011920929,0.5600000023841858,681900,0.01937195161401927,1.0115259668016539,0.6552445374037639,-0.005357180300111564,-0.18790671699068554,0.0,0.0682226010820881,0.028341551708980672,0,False
2025-05-30,0.5299999713897705,0.5669999718666077,0.5249999761581421,0.5600000023841858,1775800,2.250568783234737,2.4695615895421166,0.9909953760038924,-0.04847398728013297,-1.1481682895888887,0.0053860342470576595,0.07924527904989796,0.014569761826064287,20,False
2025-06-02,0.5440000295639038,0.5509999990463257,0.5299999713897705,0.5350000262260437,1143600,0.9943354610941775,1.6304417561893603,1.2188678438277438,0.026415205528072416,0.6331736421746162,0.009434066220282882,0.03860298984686968,0.009626831402378855,0,False
2025-06-03,0.5699999928474426,0.5759999752044678,0.5350000262260437,0.5460000038146973,1003600,0.6221177377965237,1.3841422207510978,1.3577999365578477,0.04779404755617689,1.0866861106125134,0.003676423048580178,0.07192973582627352,0.011725898826325132,0,False
2025-06-04,0.5669999718666077,0.5799999833106995,0.5590000152587891,0.5759999752044678,811400,0.19457194614821258,1.1202231058095853,1.4955544510713474,-0.005263194769263624,-0.23301781302825966,0.010526284950506525,0.03703698246357915,0.010864584044077974,0,False
2025-06-05,0.5630000233650208,0.5699999928474426,0.5509999990463257,0.5609999895095825,752000,0.024080521391020068,1.0143383195975004,1.4800706799573742,-0.007054583245249102,-0.2885156810733829,-0.01058197997204614,0.033747767280376366,0.009277783174239218,0,False
2025-06-06,0.6159999966621399,0.6499999761581421,0.5569999814033508,0.5659999847412109,3505400,3.4679034219891025,3.912713472485764,1.6108940729992167,0.09413849218041093,1.8892745916879334,0.005328527968668723,0.15097401803205746,0.031559966898116576,55,True
2025-06-09,0.6269999742507935,0.6349999904632568,0.6100000143051147,0.6240000128746033,855800,-0.08022121069052733,0.9346723240663368,1.5133434904408496,0.01785710657184758,0.2055400660572924,0.012987039355235812,0.03987237184202816,0.05295168504097436,0,False
2025-06-10,0.6349999904632568,0.6549999713897705,0.6150000095367432,0.652999997138977,934400,-0.02083701695544214,0.9839984414408237,1.4446158625519285,0.012759197035091763,0.05240315500104359,0.04146734276629573,0.0629920667571251,0.06572186129405777,0,False
2025-06-11,0.6060000061988831,0.6499999761581421,0.5709999799728394,0.6470000147819519,850600,-0.16708688962499826,0.8761936155090175,1.4211518454042569,-0.04566926724395248,-1.1764188293369482,0.01889767634648768,0.13036302846012301,0.07194370880883794,10,False
2025-06-12,0.6000000238418579,0.625,0.5929999947547913,0.625,401800,-0.7734391709893262,0.4174068418154804,1.3604678945782804,-0.009900960883911347,-0.4990224033475912,0.03135312471189681,0.053333339867182486,0.07447085946501097,0,False
2025-06-13,0.574999988079071,0.609000027179718,0.5619999766349792,0.6000000238418579,757900,-0.3040394093707935,0.7763380281690132,0.7785915492957738,-0.041666724615624595,-1.1335518940674654,0.0,0.08173921989114258,0.05485743451746661,0,False
2025-06-16,0.5830000042915344,0.6060000061988831,0.578000009059906,0.5910000205039978,675200,-0.37174625650046084,0.7176908890884829,0.7695406544465045,0.013913071962295964,0.29391366715235423,0.027826143876198434,0.04802743891052866,0.03753676310238241,0,False
2025-06-17,0.5910000205039978,0.6050000190734863,0.5759999752044678,0.5809999704360962,836000,-0.1610579929081667,0.8794584387508735,0.7409121751342587,0.013722154637348716,0.25732356549244206,-0.0034305897723587455,0.04906944638549795,0.019053381722958118,0,False
2025-06-18,0.5860000252723694,0.5960000157356262,0.5799999833106995,0.5799999833106995,262300,-0.8750111548217809,0.2975407232633056,0.6654566904124498,-0.008460228524805213,-0.2340572217816624,-0.018612583406181705,0.027303808374728702,0.013379391405481167,0,False
2025-06-20,0.5820000171661377,0.5979999899864197,0.5699999928474426,0.5929999947547913,949500,0.0894328471979009,1.0714346165347344,0.7855833084140614,-0.006825952105330546,-0.2306828743913546,0.011945339878139068,0.04810995921822149,0.0069906091851381635,0,False
2025-06-23,0.574999988079071,0.5910000205039978,0.5509999990463257,0.5799999833106995,694600,-0.29279856186152653,0.7719021397891873,0.7595890449016777,-0.012027541031959132,-0.38793358684450413,-0.003436484180430563,0.06956525603024233,0.006903710872842472,0,False
2025-06-24,0.5950000286102295,0.6000000238418579,0.5699999928474426,0.574999988079071,987300,0.08618673658750646,1.06433668959272,0.8041439382505758,0.03478267990573958,0.9524216991887499,0.0,0.050420217649514404,0.007914683877531692,0,False
2025-06-25,0.5659999847412109,0.597000002861023,0.5600000023841858,0.597000002861023,512900,-0.6155725340110487,0.548274682515927,0.7283105999059298,-0.04873956718414851,-1.4295389582064792,0.003361301094562286,0.06537102722429125,-0.0010319801739310241,0,False
2025-06-26,0.5680000185966492,0.5870000123977661,0.5509999990463257,0.5659999847412109,446800,-0.727133336488335,0.4743401915196292,0.7624901798416026,0.00353362881511865,0.06507599101209985,0.0,0.06338030300950505,-0.007906489168778563,0,False
2025-06-27,0.5189999938011169,0.5669999718666077,0.5189999938011169,0.5600000023841858,6185700,3.6752558649830562,5.082201572551819,1.4505106274596786,-0.08626764646345608,-2.094166778247619,-0.014084535099390293,0.09248550779636236,-0.02638386035884399,45,False
2025-06-30,0.5590000152587891,0.5640000104904175,0.531000018119812,0.5580000281333923,1303100,0.08144622645836289,1.0918353239854368,1.5812047809165506,0.07707133320891768,1.7467272530205802,0.07514457557407178,0.059033973901224585,-0.03431667201638666,10,False
2025-07-01,0.5429999828338623,0.5669999718666077,0.5400000214576721,0.5519999861717224,468600,-0.5098892303870294,0.40405433953153463,1.537769078547438,-0.028622597474383893,-0.6938487345625937,-0.012522413029458638,0.049723667058517856,-0.05212455550707484,0,False
2025-07-02,0.5550000071525574,0.5600000023841858,0.5400000214576721,0.5400000214576721,342800,-0.5732447652911267,0.3042500033282889,1.5526690659933156,0.02209949299826519,0.5491461264487603,-0.005524790912531706,0.03603600114005064,-0.05468951907944919,0,False
2025-07-03,0.5550000071525574,0.5640000104904175,0.550000011920929,0.5609999895095825,214200,-0.6390485288416721,0.1952873924756915,1.552525653123275,0.0,0.0065030420352341165,0.010810778862864238,0.025225222277186404,-0.058194679261686644,0,False
2025-07-07,0.550000011920929,0.5669999718666077,0.5479999780654907,0.5479999780654907,365700,-0.512498098873462,0.33938730244169507,0.5001067255668051,-0.009009000301245074,-0.2097161282915914,-0.01261266483647059,0.03454544246319589,-0.04643535324807824,0,False
2025-07-08,0.5630000233650208,0.5740000009536743,0.5479999780654907,0.5600000023841858,827800,-0.09149217322304236,0.8772320245853855,0.4703226831982192,0.02363638393149836,0.7798840095498534,0.01818180041514743,0.04618121094667395,-0.0406659148989309,0,False
2025-07-09,0.6259999871253967,0.6420000195503235,0.5600000023841858,0.5600000023841858,2274800,0.9691292564557255,2.2420658387541867,0.7934752611866738,0.11190046384692587,2.546324757401681,-0.00532863383837067,0.13099044524216816,-0.01179327054154189,45,False
2025-07-10,0.6179999709129333,0.6420000195503235,0.6029999852180481,0.621999979019165,850300,-0.12307885528439053,0.8415520662711109,0.8972332602596005,-0.01277957887698944,-0.28222058071831574,-0.006389789428287386,0.06310685453844955,0.011550141168954697,0,False
2025-07-11,0.6000000238418579,0.6399999856948853,0.5849999785423279,0.6150000095367432,1025400,0.004818458352772596,1.0061473700736399,1.0487325035446715,-0.029126129317587512,-0.6876635705623252,-0.004854306654584822,0.09166667479231144,0.027717431763520706,0,False
2025-07-14,0.6000000238418579,0.6230000257492065,0.5910000205039978,0.5929999947547913,383600,-0.48792180189468126,0.3767340224410122,1.0531856907854344,0.0,-0.020010319562566638,-0.011666714662072971,0.053333339867182486,0.045095140096701236,0,False
2025-07-15,0.578000009059906,0.6100000143051147,0.5630000233650208,0.5849999785423279,1010300,-0.01581315910675674,0.9800697486042994,1.07570003249761,-0.03666668984624988,-0.8874073774729003,-0.02500007446413622,0.08131486180289642,0.050034736572076355,0,False
2025-07-16,0.5979999899864197,0.609000027179718,0.5659999847412109,0.5849999785423279,689900,-0.2630276880323321,0.6687799298163974,0.7676573799414482,0.03460204258308375,0.752434529321467,0.012110673634238126,0.07190642656629002,0.03895201835139206,0,False
2025-07-17,0.5799999833106995,0.6100000143051147,0.5799999833106995,0.5950000286102295,1014600,-0.019958017747605517,0.9750987496516121,0.7926497582916062,-0.03010034611560608,-0.6887226178574584,-0.005016657895331496,0.051724192768847745,0.026745398153622313,0,False
2025-07-18,0.5809999704360962,0.6000000238418579,0.5699999928474426,0.5899999737739563,639700,-0.32557851579332014,0.6038437576695798,0.705714663293624,0.001724115783053426,0.029018468786866886,0.017241363334072012,0.051635167761303356,0.020588988634268723,0,False
2025-07-21,0.574999988079071,0.6150000095367432,0.5709999799728394,0.5950000286102295,959700,-0.0777278367403531,0.9054713224957299,0.8140844804649532,-0.010326992534133161,-0.2432312437848846,0.02409648685442863,0.07652179199929193,0.0125173622245065,0,False
2025-07-22,0.574999988079071,0.5950000286102295,0.5669999718666077,0.5899999737739563,540700,-0.39597465149126154,0.513878130954813,0.730777089797993,0.0,-0.02034407564689247,0.026086932138745716,0.04869575178334726,0.011474239493802108,0,False
2025-07-23,0.6370000243186951,0.6460000276565552,0.6000000238418579,0.6000000238418579,1407400,0.25826104862598825,1.3114051434960854,0.8501863585538569,0.10782615221741199,2.0986535566535403,0.04347832389149661,0.07221350390321128,0.021306062062397046,35,False
2025-07-24,0.6600000262260437,0.675000011920929,0.6299999952316284,0.6399999856948853,1540100,0.3218715164761981,1.3695134096891217,0.9048161058547336,0.03610675200828806,0.5690121292600924,0.00470951531703517,0.06818184065602843,0.04054982135811813,0,False
2025-07-25,0.6259999871253967,0.6700000166893005,0.6140000224113464,0.6620000004768372,1201000,0.030230646509337444,1.0333227219148726,0.9720460822356244,-0.051515208711525595,-1.153559354291585,0.0030302638913505455,0.0894568615658448,0.050777912443759954,0,False
2025-07-28,0.6399999856948853,0.6869999766349792,0.6340000033378601,0.6399999856948853,2353300,2.339760917618712,2.4244578375315484,1.451089476124245,0.022364215427186807,0.24245578554436797,0.0223642153914612,0.08281245999835692,0.06201878487681456,20,False
2025-07-29,0.5839999914169312,0.6600000262260437,0.5720000267028809,0.6600000262260437,2018200,1.6001904220393792,2.0053556967622357,1.6931553400469972,-0.08749999301508049,-1.9168118534068503,0.03125006397960021,0.15068493264694702,0.06281662083160366,10,False
2025-07-30,0.5690000057220459,0.5950000286102295,0.5669999718666077,0.5740000009536743,794600,-0.36683563776848244,0.7769591426657728,1.5463305645322927,-0.025684907389281864,-0.6152794202339552,-0.017123271563533875,0.04920923798389292,0.03757371179799507,0,False
2025-07-31,0.5479999780654907,0.5950000286102295,0.5350000262260437,0.5550000071525574,1012200,-0.07317445974932765,0.9583639074963894,1.3973631263758362,-0.03690690236445027,-0.7803547704030402,-0.024604566615282073,0.10948905962825826,0.00042146138578069703,10,False
2025-08-01,0.5320000052452087,0.5690000057220459,0.5199999809265137,0.5350000262260437,711900,-0.6431819426814163,0.6585203411466518,1.2747118568812081,-0.029197031862599587,-0.5831199885115637,-0.023722540759245934,0.0921053086848033,-0.029391902819147386,0,False
2025-08-04,0.5649999976158142,0.5699999928474426,0.5299999713897705,0.5370000004768372,626000,-0.8363607505487378,0.5721728400703786,0.9437927015972388,0.06203006023542268,1.1841854321645868,0.009398487167167112,0.07079649832861527,-0.05592577548334876,0,False
2025-08-05,0.5580000281333923,0.5730000138282776,0.5400000214576721,0.5730000138282776,302100,-1.309745439417814,0.2829207990335176,0.6455951076522531,-0.012389326569841264,-0.2616070137538968,0.014159320764712408,0.0591397681857767,-0.06430379123400942,0,False
2025-08-06,0.5419999957084656,0.5699999928474426,0.5299999713897705,0.5580000281333923,517900,-0.8844965493053624,0.5284990484159819,0.646995494645107,-0.02867389178894786,-0.5194859069449791,0.0,0.07380077804536886,-0.0668026495177988,0,False
2025-08-07,0.5289999842643738,0.5699999928474426,0.5199999809265137,0.5429999828338623,419800,-1.0036166998872365,0.4380125623421877,0.537906137184115,-0.023985261156873383,-0.3960727619124844,0.0018449947075084726,0.09451798357979325,-0.06619850662791349,0,False
2025-08-08,0.5070000290870667,0.550000011920929,0.5019999742507935,0.5360000133514404,655500,-0.5261200115351456,0.6973960688352786,0.5364896135329941,-0.041587818207405425,-0.7813303132433647,0.013232569531298392,0.09467462489478057,-0.06733424304313973,0,False
2025-08-11,0.49000000953674316,0.550000011920929,0.4819999933242798,0.5099999904632568,916900,-0.09471245491545098,0.9485924745755687,0.5818806319121855,-0.033530608629223746,-0.5539482933266185,0.005917083231089759,0.13877554517225896,-0.0845389411221732,10,False
2025-08-12,0.5180000066757202,0.5230000019073486,0.47999998927116394,0.49000000953674316,908500,-0.10101240278027658,0.9448777951118035,0.7110972438897548,0.05714285019187826,1.343980781062134,0.0,0.08301160617569658,-0.09374451499320213,0,False
2025-08-13,0.5329999923706055,0.5580000281333923,0.5210000276565552,0.5299999713897705,631700,-0.6209537119968864,0.6589887230202687,0.7369991341449412,0.028957500968287864,0.7392332183854594,0.023165954703156192,0.06941838824960421,-0.09172613531048557,0,False
2025-08-14,0.550000011920929,0.574999988079071,0.5230000019073486,0.5299999713897705,1138700,0.32945504847304713,1.1802507268383426,0.8812856617208827,0.03189497147028675,0.730979267696283,-0.005628557257314986,0.09454542718201395,-0.08189767870405629,0,False
2025-08-15,0.5619999766349792,0.5799999833106995,0.550000011920929,0.5730000138282776,784600,-0.3576137093132841,0.8071684292827447,0.9012797827249898,0.021818117189014608,0.48644485505895474,0.04181818430367063,0.053380734134576044,-0.06088495941783323,0,False
2025-08-18,0.5740000009536743,0.5879999995231628,0.5600000023841858,0.5600000023841858,1141400,0.30500173564224137,1.16335838960377,0.9386979233023305,0.021352357326678506,0.4402374402629103,-0.0035586731857353325,0.04878048265448759,-0.03106470388355942,0,False
2025-08-19,0.550000011920929,0.578000009059906,0.5419999957084656,0.5699999928474426,638900,-0.6655177318319012,0.6479486022301433,0.8793399828606481,-0.04181182751371171,-0.8580111048646275,-0.006968655213618827,0.06545456819219383,-0.017562541442919577,0,False
2025-08-20,0.5450000166893005,0.5619999766349792,0.5360000133514404,0.5540000200271606,472100,-0.8919570539681464,0.502624378506712,0.8891373087610581,-0.009090900224102638,-0.05223621014137177,0.007272741840474744,0.04770635310026936,-0.005186906475791897,0,False
2025-08-21,0.5410000085830688,0.5680000185966492,0.5249999761581421,0.5360000133514404,508400,-0.7405806204392542,0.5727256853500954,0.7987968705114981,-0.0073394641903508084,0.04785318553761548,-0.016513767056409393,0.07948251696269991,0.0022597862844426775,0,False
2025-08-22,0.5410000085830688,0.5680000185966492,0.5379999876022339,0.5410000085830688,1052100,0.33802772452148677,1.1952422066709065,0.8663319094792319,0.0,0.17741880965035106,0.0,0.05545292137339394,0.002368384217885655,0,False
2025-08-25,0.5109999775886536,0.5669999718666077,0.5040000081062317,0.550000011920929,1017600,0.5444675590820663,1.2509604096108558,0.9070200564259843,-0.055452921475894756,-1.1796838024559515,0.016635865394523965,0.1232876054797057,-0.00894091277991338,10,False
2025-08-26,0.5090000033378601,0.5220000147819519,0.5009999871253967,0.5120000243186951,643800,-0.40955742661932065,0.8644685693568841,0.9920307223374744,-0.003913844106669173,0.07172218837567433,0.0019570386926503667,0.04125742137050345,-0.017263783954394207,0,False
2025-08-27,0.5149999856948853,0.550000011920929,0.5049999952316284,0.5099999904632568,494500,-0.9322722332199672,0.6776478971674446,1.0185685116412906,0.01178778451410456,0.4855078023330283,0.001964611231580589,0.08737867544055115,-0.023507473163934534,0,False
2025-08-28,0.5,0.5249999761581421,0.46000000834465027,0.5170000195503235,607700,-0.416246818268345,0.8565126390934512,1.0755949570475174,-0.02912618662434696,-0.7578712695286669,0.0038835609846785573,0.1299999353669838,-0.03448277429669122,10,False
2025-08-29,0.492000013589859,0.5180000066757202,0.4860000014305115,0.5109999775886536,528300,-0.6939099904100837,0.7543640452646974,0.9401063791810931,-0.015999972820281982,-0.38566477028756546,0.02199995513330722,0.0650406591387697,-0.049285191323953814,0,False
2025-09-02,0.47600001096725464,0.4970000088214874,0.4659999907016754,0.4869999885559082,942900,0.8962308886886211,1.3165868439057746,0.8984458997165464,-0.032520329635483125,-0.830048319742206,-0.010162652206664924,0.0651260868496461,-0.05453855950400366,0,False
2025-09-03,0.46799999475479126,0.4959999918937683,0.4659999907016754,0.4699999988079071,396400,-1.3210308583127603,0.5498796618045866,0.8239316950692539,-0.01680675636163742,-0.28742348084660163,-0.012605067244746816,0.06410256723124289,-0.062087442378308766,0,False
2025-09-04,0.4790000021457672,0.48399999737739563,0.460999995470047,0.4699999988079071,768500,0.1455324923242738,1.0478378544207563,0.8845742178711904,0.023504289560386527,0.9793873774936663,0.004273512972773075,0.048016705127973396,-0.07025986283743069,0,False
2025-09-05,0.5049999952316284,0.5099999904632568,0.4860000014305115,0.49000000953674316,548000,-0.8201150207229742,0.7407157097962346,0.8607711283073688,0.05427973480039561,1.7336164769902582,0.022964524673768066,0.04752473111254695,-0.06617788968381311,0,False
2025-09-08,0.5099999904632568,0.515999972820282,0.4950000047683716,0.5,661500,-0.33630595394978763,0.8937679446039508,0.8964161459212958,0.009900980750178201,0.2946173075431652,-0.009900980730572263,0.04117640863416241,-0.059504297536142614,0,False
2025-09-09,0.503000020980835,0.5189999938011169,0.5,0.5,391100,-1.3321032828940222,0.5478857158867237,0.7748289170466554,-0.01372543061434861,-0.5120788556857313,-0.019607824765968236,0.03777334586645579,-0.050279332721429926,0,False
2025-09-10,0.5080000162124634,0.5170000195503235,0.49399998784065247,0.49399998784065247,539200,-0.6487468293622493,0.7754145275177232,0.8364755453930988,0.009940347958392826,0.38589303259641416,-0.017892709238341565,0.04527565143772742,-0.03393751990922278,0,False
2025-09-11,0.5180000066757202,0.5189999938011169,0.49399998784065247,0.49399998784065247,345900,-1.325449913050372,0.5078698537616718,0.729928936395136,0.019685019968728623,0.7717777590327324,-0.027559110034351852,0.0482625590540822,-0.017476098619174985,0,False
2025-09-12,0.5009999871253967,0.5130000114440918,0.492000013589859,0.503000020980835,309700,-1.3655282253640981,0.4841861701296054,0.7027187592827092,-0.032818570137520986,-1.0705949163712436,-0.02895750091238529,0.04191616437519084,-0.014357776640629982,0,False
2025-09-15,0.4970000088214874,0.5189999938011169,0.49000000953674316,0.5189999938011169,273400,-1.3503941041040315,0.4452261142866441,0.605566140668001,-0.007983988835728484,-0.08403184944904835,0.035928157888927816,0.05835006778931453,-0.013179724689807215,0,False
2025-09-16,0.49000000953674316,0.5049999952316284,0.4830000102519989,0.49000000953674316,266900,-1.3139000964065028,0.46796237365103494,0.6084387519834475,-0.014084505353114674,-0.25864973062679464,-0.014084505324775594,0.04489792756439099,-0.010138790679629528,0,False
2025-09-17,0.492000013589859,0.5149999856948853,0.4880000054836273,0.4880000054836273,149800,-1.5937040196662564,0.2744142592830052,0.49302973126453953,0.004081640845286394,0.39140476816895137,-0.004081640836956415,0.054878006932104775,-0.010791009464182766,0,False
2025-09-18,0.5070000290870667,0.5090000033378601,0.492000013589859,0.49799999594688416,271500,-1.0342085450512983,0.5066621878848944,0.4744896054939714,0.030487835534313446,1.340988511519973,0.012195085729879197,0.03353054978139095,-0.011427994549410347,0,False
2025-09-19,0.47699999809265137,0.5109999775886536,0.47699999809265137,0.5019999742507935,690100,0.5630353406809967,1.266366330547117,0.6061896154657798,-0.05917165537137159,-1.8937739436728964,-0.009862040511939493,0.07127878314607317,-0.014701455606404568,0,False
2025-09-22,0.47999998927116394,0.4909999966621399,0.47600001096725464,0.48500001430511475,320700,-0.8063812593619647,0.6308335382345697,0.6684042291615429,0.006289289707564816,0.4204451303717558,0.016771522489897266,0.031249970831064785,-0.015496066987683688,0,False
2025-09-23,0.48500001430511475,0.5009999871253967,0.4790000021457672,0.5,434600,-0.22337428998097572,0.9068809014554731,0.7790495070165355,0.010416719053562673,0.49143904333943284,0.041666689862925946,0.04536079234098429,-0.014931389311911292,0,False
2025-09-24,0.48500001430511475,0.503000020980835,0.47999998927116394,0.47999998927116394,366200,-0.5023313917356459,0.7869430207695349,0.8952927397952039,0.0,0.08095643003509284,-0.010309329641578005,0.04742274429661954,-0.015372162090298458,0,False
2025-09-25,0.4880000054836273,0.5,0.4819999933242798,0.4819999933242798,420200,-0.20978142063547553,0.9102527998613589,0.9669215605571541,0.006185548639232152,0.33267362000002837,-0.006185610074563894,0.03688525909133184,-0.020383333530311853,0,False
2025-09-26,0.5090000033378601,0.515999972820282,0.4819999933242798,0.4819999933242798,534500,0.3918426660122676,1.1671070157433867,0.9066969452147501,0.043032782004625014,1.5587620473473178,-0.012295106720554599,0.06679760158397553,-0.008308007697058861,0,False
2025-09-29,0.5,0.5099999904632568,0.49000000953674316,0.5099999904632568,357300,-0.47045751833372873,0.7950246985002876,0.9402340794802169,-0.01768173532188788,-0.7007518500227089,0.001964611231580589,0.03999996177302742,-0.001012348707120636,0,False
2025-09-30,0.49799999594688416,0.5049999952316284,0.4909999966621399,0.4959999918937683,234200,-1.1014944613955864,0.565720980228751,0.9238982088722999,-0.0040000081062316895,-0.25564100690345654,-0.008000016196463348,0.0281124470990343,0.0020201980498433247,0,False
2025-10-01,0.5,0.5080000162124634,0.4970000088214874,0.5,381900,-0.19199975185124424,0.9241155688912527,0.9331171659487951,0.004016072428500994,0.01573387265430183,0.004016072420436504,0.022000014737951875,0.004832853189482789,0,False
2025-10-02,0.49799999594688416,0.5049999952316284,0.4909999966621399,0.5,385300,-0.06271221004089053,0.977670641969041,0.9607713778228851,-0.0040000081062316895,-0.2504504346187057,0.0,0.0281124470990343,0.006933962990595344,0,False
2025-10-03,0.5130000114440918,0.5149999856948853,0.48399999737739563,0.48500001430511475,748800,2.1815806952357195,1.8528232790617067,1.0429554114910649,0.030120513291746143,1.277826969780215,-0.026104380966805438,0.06042882566375784,0.007731688092705857,20,False
2025-10-06,0.5550000071525574,0.5799999833106995,0.5049999952316284,0.5289999842643738,1962700,3.923937296737749,4.183077578857621,1.582651321398121,0.08187133483727593,2.6582283186881615,0.031189030082188752,0.1351351116709447,0.02518991312827712,70,True
2025-10-07,0.5590000152587891,0.5799999833106995,0.5339999794960022,0.5699999928474426,1395900,2.0263327615056577,2.6873171107346323,1.8768673956568576,0.0072072217201470945,0.05315836507616541,0.02702700085503798,0.08228980765074176,0.04373757171201387,20,False
2025-10-08,0.5839999914169312,0.6000000238418579,0.5699999928474426,0.5799999833106995,1261600,1.5238113804482,2.270861833105331,2.071531427748574,0.04472267526963902,1.242209912173297,0.03756702583383909,0.051369916753350855,0.06906076953560714,0,False
2025-10-09,0.597000002861023,0.6079999804496765,0.5799999833106995,0.6000000238418579,1252800,1.3424996372155722,2.0848553431906836,2.203942386899756,0.022260293895810745,0.48893983869183644,0.027397316151853583,0.046901167433652545,0.09955947022043765,0,False
2025-10-10,0.5690000057220459,0.6179999709129333,0.5450000166893005,0.6000000238418579,1490000,1.5996645611282283,2.257849436295305,2.231482603951991,-0.04690116751221396,-1.7210054603315121,0.005025160739418258,0.1282951728668309,0.1140717634013364,10,False
2025-10-13,0.550000011920929,0.5899999737739563,0.5410000085830688,0.5799999833106995,829400,0.27674116329607806,1.2060140754958395,1.8116966207177312,-0.03339190441133033,-1.2041137504228372,0.019332122071532783,0.08909084370863816,0.10642414470843686,0,False
2025-10-14,0.5600000023841858,0.5600000023841858,0.5239999890327454,0.550000011920929,778100,0.12899067873600076,1.0908759533423045,1.5735475549573776,0.018181800448205276,0.34219839248259787,0.0,0.06428573773908135,0.09936574255447694,0,False
2025-10-15,0.5699999928474426,0.5799999833106995,0.5529999732971191,0.5600000023841858,755500,0.02462313771642527,1.0160510513539487,1.3733298366652527,0.017857125751218117,0.3099105331558141,0.0,0.04736843913160941,0.0858450922349514,0,False
2025-10-16,0.5569999814033508,0.5899999737739563,0.550000011920929,0.5699999928474426,986300,0.4364144431793473,1.265614874792281,1.2419527656052491,-0.022807037907404237,-0.8635695274935445,0.0,0.07181321924003478,0.06550217525535884,0,False
2025-10-17,0.5419999957084656,0.5630000233650208,0.5400000214576721,0.5580000281333923,452700,-0.6562457239094938,0.5898870914149072,0.990833099871649,-0.026929957263361226,-1.1338909607226761,0.0017954160891109712,0.042435428131044846,0.048778175070715024,0,False
2025-10-20,0.5709999799728394,0.5759999752044678,0.546999990940094,0.5509999990463257,643400,-0.2988112656621157,0.8211136209911037,0.9229551922610603,0.05350550644648422,1.4051880342593834,0.016605172310916246,0.0507880652026733,0.04770811595741553,0,False
2025-10-21,0.5649999976158142,0.5920000076293945,0.550000011920929,0.5709999799728394,2681000,2.85903377166993,2.992554889551169,1.2320485773923124,-0.01050785038085389,-0.5855012993739253,0.0,0.07433627577231999,0.041782707351799564,20,False
2025-10-22,0.5630000233650208,0.5680000185966492,0.5509999990463257,0.5559999942779541,453700,-0.7193790793249786,0.5039627220873848,1.1590142902367622,-0.0035397774499698054,-0.36047711310192526,-0.015929209486564767,0.030195415301263885,0.03171090258217957,0,False
2025-10-23,0.5899999737739563,0.6000000238418579,0.5690000057220459,0.5690000057220459,622400,-0.46890334498974034,0.6836743100370718,1.066197995331593,0.04795728115170994,1.1444650013629103,0.010657161807039394,0.05254240583940515,0.03415523957893796,0,False
2025-10-24,0.5770000219345093,0.6000000238418579,0.5709999799728394,0.5950000286102295,888200,-0.06557945743033619,0.9570501907204265,1.1397323448914929,-0.022033817656452404,-0.8760539552229574,0.008474669576365388,0.05026003936972134,0.040479212097751516,0,False
2025-10-27,0.6000000238418579,0.6039999723434448,0.5709999799728394,0.5860000252723694,806900,-0.24192282944155707,0.8488858964378133,1.147179497969574,0.03986135361006826,0.9101326116561768,0.015597925442165237,0.054999985007172764,0.04155424622304693,0,False
2025-10-28,0.6200000047683716,0.6299999952316284,0.5960000157356262,0.5960000157356262,1169700,0.30203583145767754,1.1728490998330505,0.7903019607646523,0.0333333002196432,0.6523351661202926,-0.006666679901031624,0.05483867609624571,0.04982207548393247,0,False
2025-10-29,0.5770000219345093,0.6299999952316284,0.5720000267028809,0.6299999952316284,942800,-0.14945753411763654,0.9194819380510251,0.8640867597721767,-0.06935481048895609,-2.0326295434352413,0.016129016726159153,0.1005198721375626,0.04762747193323236,10,False
2025-10-30,0.5920000076293945,0.609000027179718,0.5519999861717224,0.5720000267028809,452400,-1.0507193095348777,0.4397719484988549,0.8282177279421405,0.02599650801501663,0.436476941591818,-0.008665502656654016,0.09628385165054774,0.03969855611149442,0,False
2025-10-31,0.5830000042915344,0.6000000238418579,0.5759999752044678,0.5899999737739563,653000,-0.672600379558686,0.6377420221207601,0.7861513294430736,-0.0152027081450552,-0.5848669724791055,-0.0033784355173722626,0.04116646384143461,0.03544988772906699,0,False
2025-11-03,0.6000000238418579,0.6140000224113464,0.5830000042915344,0.5979999899864197,7959300,4.042260238440817,6.012668507389958,1.688711279655222,0.02915955304491291,0.7191593373129176,0.02572896322253784,0.05166669472719221,0.03140726567333196,45,False
2025-11-04,0.5730000138282776,0.6499999761581421,0.5649999976158142,0.5799999833106995,2590800,0.7247257663590533,1.872641850379471,1.821221539573544,-0.04500001490116057,-1.2996249424405026,-0.03333339950515812,0.1483420180500371,0.013864833937501375,10,False
2025-11-06,0.5400000214576721,0.5724999904632568,0.5299999713897705,0.5565000176429749,1098000,-0.16636841675096142,0.7983596544804112,1.8546229241194765,-0.05759160833195942,-1.4723975391955668,-0.028795804115725233,0.07870373575182155,0.00487127282996247,0,False
